Sample_ID,Product_Type,Test_Date,API_Gravity,Sulfur_Content_ppm,Octane_RON,Reid_Vapor_Pressure,Pour_Point,Flash_Point,Status
LIMS-2025-09001,Crude Oil,2025-09-23 06:00,32.1,18500,,,,,-40,Pass
LIMS-2025-09002,Gasoline,2025-09-23 06:00,,8.2,91.2,7.8,,,Pass
LIMS-2025-09003,Diesel,2025-09-23 06:00,35.8,12.5,,,,-15,165,Pass
LIMS-2025-09004,Jet Fuel,2025-09-23 06:00,42.3,8.7,,,,,-47,185,Pass
LIMS-2025-09005,Heavy Gas Oil,2025-09-23 02:00,28.4,25600,,,,,95,Pass
LIMS-2025-09006,Gasoline,2025-09-23 02:00,,9.1,90.8,8.1,,,Pass
LIMS-2025-09007,Crude Oil,2025-09-22 22:00,31.8,19200,,,,,-42,Pass
LIMS-2025-09008,Diesel,2025-09-22 22:00,36.1,11.8,,,,-18,168,Pass
LIMS-2025-09009,Gasoline,2025-09-22 18:00,,7.9,91.5,7.6,,,Pass
LIMS-2025-09010,Jet Fuel,2025-09-22 18:00,41.9,9.2,,,,,-45,182,Pass
